SET QUOTED_IDENTIFIER ON
GO
SET ANSI_NULLS ON
GO
CREATE proc [ACC].[spr_ACCUpdate]
as

INSERT [Com].[tblItemsHoghughi] ([fldId], [fldTitle], [fldNameEN], [fldType], [fldTypeHesabId], [fldUserId], [fldDate], [fldMostamar]) VALUES (70, N'اضافه کاری-سایر پرداخت ها', N'ezafekariSayer', 2, 2, 1, CAST(N'2024-09-15T15:32:44.393' AS DateTime), 2)
INSERT [Com].[tblItemsHoghughi] ([fldId], [fldTitle], [fldNameEN], [fldType], [fldTypeHesabId], [fldUserId], [fldDate], [fldMostamar]) VALUES (71, N'تعطیل کاری-سایر پرداخت ها', N'tatilkariSayer', 2, 2, 1, CAST(N'2024-09-15T15:32:44.440' AS DateTime), 2)
INSERT [Com].[tblItemsHoghughi] ([fldId], [fldTitle], [fldNameEN], [fldType], [fldTypeHesabId], [fldUserId], [fldDate], [fldMostamar]) VALUES (72, N'ماموریت-سایر پرداخت ها', N'mamooriyatSayer', 2, 2, 1, CAST(N'2024-09-16T10:44:29.810' AS DateTime), 2)
INSERT [Com].[tblItemsHoghughi] ([fldId], [fldTitle], [fldNameEN], [fldType], [fldTypeHesabId], [fldUserId], [fldDate], [fldMostamar]) VALUES (74, N'عیدی', N'eydi', 2, 2, 1, CAST(N'2024-09-22T08:51:28.517' AS DateTime), 2)

---------------------------------------------------------------------------------------

INSERT [Com].[tblItems_Estekhdam] ([fldId], [fldItemsHoghughiId], [fldTypeEstekhdamId], [fldTitle], [fldHasZarib], [fldUserId], [fldDate], [fldDesc]) VALUES (198, 70, 1, N'اضافه کاری-سایر پرداخت ها', 1, 1, CAST(N'2018-03-07T08:16:31.820' AS DateTime), N'')
INSERT [Com].[tblItems_Estekhdam] ([fldId], [fldItemsHoghughiId], [fldTypeEstekhdamId], [fldTitle], [fldHasZarib], [fldUserId], [fldDate], [fldDesc]) VALUES (199, 70, 2, N'اضافه کاری-سایر پرداخت ها', 1, 1, CAST(N'2018-03-07T08:16:31.820' AS DateTime), N'')
INSERT [Com].[tblItems_Estekhdam] ([fldId], [fldItemsHoghughiId], [fldTypeEstekhdamId], [fldTitle], [fldHasZarib], [fldUserId], [fldDate], [fldDesc]) VALUES (200, 70, 3, N'اضافه کاری-سایر پرداخت ها', 1, 1, CAST(N'2018-03-07T08:16:31.820' AS DateTime), N'')
INSERT [Com].[tblItems_Estekhdam] ([fldId], [fldItemsHoghughiId], [fldTypeEstekhdamId], [fldTitle], [fldHasZarib], [fldUserId], [fldDate], [fldDesc]) VALUES (201, 70, 4, N'اضافه کاری-سایر پرداخت ها', 1, 1, CAST(N'2018-03-07T08:16:31.820' AS DateTime), N'')

INSERT [Com].[tblItems_Estekhdam] ([fldId], [fldItemsHoghughiId], [fldTypeEstekhdamId], [fldTitle], [fldHasZarib], [fldUserId], [fldDate], [fldDesc]) VALUES (202, 71, 1, N'تعطیل کاری-سایر پرداخت ها', 1, 1, CAST(N'2018-03-07T08:18:13.633' AS DateTime), N'')
INSERT [Com].[tblItems_Estekhdam] ([fldId], [fldItemsHoghughiId], [fldTypeEstekhdamId], [fldTitle], [fldHasZarib], [fldUserId], [fldDate], [fldDesc]) VALUES (203, 71, 2, N'تعطیل کاری-سایر پرداخت ها', 1, 1, CAST(N'2018-03-07T08:18:13.633' AS DateTime), N'')
INSERT [Com].[tblItems_Estekhdam] ([fldId], [fldItemsHoghughiId], [fldTypeEstekhdamId], [fldTitle], [fldHasZarib], [fldUserId], [fldDate], [fldDesc]) VALUES (204, 71, 3, N'تعطیل کاری-سایر پرداخت ها', 1, 1, CAST(N'2018-03-07T08:18:13.633' AS DateTime), N'')
INSERT [Com].[tblItems_Estekhdam] ([fldId], [fldItemsHoghughiId], [fldTypeEstekhdamId], [fldTitle], [fldHasZarib], [fldUserId], [fldDate], [fldDesc]) VALUES (205, 71, 4, N'تعطیل کاری-سایر پرداخت ها', 1, 1, CAST(N'2018-03-07T08:18:13.633' AS DateTime), N'')
INSERT [Com].[tblItems_Estekhdam] ([fldId], [fldItemsHoghughiId], [fldTypeEstekhdamId], [fldTitle], [fldHasZarib], [fldUserId], [fldDate], [fldDesc]) VALUES (206, 72, 1, N'ماموریت-سایر پرداخت ها', 1, 1, CAST(N'2018-03-07T08:18:13.633' AS DateTime), N'')
INSERT [Com].[tblItems_Estekhdam] ([fldId], [fldItemsHoghughiId], [fldTypeEstekhdamId], [fldTitle], [fldHasZarib], [fldUserId], [fldDate], [fldDesc]) VALUES (207, 72, 2, N'ماموریت-سایر پرداخت ها', 1, 1, CAST(N'2018-03-07T08:17:27.133' AS DateTime), N'')
INSERT [Com].[tblItems_Estekhdam] ([fldId], [fldItemsHoghughiId], [fldTypeEstekhdamId], [fldTitle], [fldHasZarib], [fldUserId], [fldDate], [fldDesc]) VALUES (208, 72, 3, N'ماموریت-سایر پرداخت ها', 1, 1, CAST(N'2018-03-07T08:17:27.133' AS DateTime), N'')
INSERT [Com].[tblItems_Estekhdam] ([fldId], [fldItemsHoghughiId], [fldTypeEstekhdamId], [fldTitle], [fldHasZarib], [fldUserId], [fldDate], [fldDesc]) VALUES (209, 72, 4, N'ماموریت-سایر پرداخت ها', 1, 1, CAST(N'2018-03-07T08:17:27.133' AS DateTime), N'')

INSERT [Com].[tblItems_Estekhdam] ([fldId], [fldItemsHoghughiId], [fldTypeEstekhdamId], [fldTitle], [fldHasZarib], [fldUserId], [fldDate], [fldDesc]) VALUES (214, 74, 1, N'عیدی', 0, 1, CAST(N'2018-03-07T08:18:13.633' AS DateTime), N'')
INSERT [Com].[tblItems_Estekhdam] ([fldId], [fldItemsHoghughiId], [fldTypeEstekhdamId], [fldTitle], [fldHasZarib], [fldUserId], [fldDate], [fldDesc]) VALUES (215, 74, 2, N'عیدی', 0, 1, CAST(N'2018-03-07T08:18:13.633' AS DateTime), N'')
INSERT [Com].[tblItems_Estekhdam] ([fldId], [fldItemsHoghughiId], [fldTypeEstekhdamId], [fldTitle], [fldHasZarib], [fldUserId], [fldDate], [fldDesc]) VALUES (216, 74, 3, N'عیدی', 0, 1, CAST(N'2018-03-07T08:18:13.633' AS DateTime), N'')
INSERT [Com].[tblItems_Estekhdam] ([fldId], [fldItemsHoghughiId], [fldTypeEstekhdamId], [fldTitle], [fldHasZarib], [fldUserId], [fldDate], [fldDesc]) VALUES (217, 74, 4, N'عیدی', 0, 1, CAST(N'2018-03-07T08:18:13.633' AS DateTime), N'')

----------------------------------------------------------------------------

INSERT [ACC].tblTemplateCoding([fldId], [fldTempCodeId], [fldItemId], [fldName], [fldPCod], [fldMahiyatId], [fldCode], [fldTempNameId], [fldLevelsAccountTypId], [fldDesc], [fldDate], [fldIp], [fldUserId], [fldTypeHesabId], [fldCodeBudget], [fldAddChildNode], [fldMahiyat_GardeshId]) VALUES (1707, N'/1/1/3/4/3/', 14, N'بدهکاران-حساب های در جریان وصول', N'110304', 1, N'110304009', 3, 16, N'', CAST(N'2024-06-30T09:33:17.863' AS DateTime), N'::1', 1, 1, NULL, 0, NULL)
INSERT [ACC].tblTemplateCoding ([fldId], [fldTempCodeId], [fldItemId], [fldName], [fldPCod], [fldMahiyatId], [fldCode], [fldTempNameId], [fldLevelsAccountTypId], [fldDesc], [fldDate], [fldIp], [fldUserId], [fldTypeHesabId], [fldCodeBudget], [fldAddChildNode], [fldMahiyat_GardeshId]) VALUES (1712, N'/8/5/1/2/', 30, N'طرف حساب انتظامی اسناد در جریان وصول', N'9501', 3, N'950102', 3, 15, N'', CAST(N'2024-07-28T00:51:05.313' AS DateTime), N'::1', 1, 1, NULL, 0, NULL)
INSERT [ACC].tblTemplateCoding ([fldId], [fldTempCodeId], [fldItemId], [fldName], [fldPCod], [fldMahiyatId], [fldCode], [fldTempNameId], [fldLevelsAccountTypId], [fldDesc], [fldDate], [fldIp], [fldUserId], [fldTypeHesabId], [fldCodeBudget], [fldAddChildNode], [fldMahiyat_GardeshId]) VALUES (1713, N'/8/5/1/3/', 31, N'طرف حساب انتظامی اسناد نکول شده', N'9501', 3, N'950103', 3, 15, N'', CAST(N'2024-07-28T00:51:31.720' AS DateTime), N'::1', 1, 1, NULL, 0, NULL)
-------------------------------------------------------------------------

INSERT [ACC].tblCoding_Details([fldId], [fldCodeId], [fldHeaderCodId], [fldPCod], [fldTempCodingId], [fldTitle], [fldCode], [fldAccountLevelId], [fldDesc], [fldDate], [fldIp], [fldUserId], [fldMahiyatId], [fldTypeHesabId], [fldDaramadCode], [fldMahiyat_GardeshId]) VALUES (1723, N'/4/2/6/', 3, N'42', 1279, N'سایر', N'4206', 19, N'', CAST(N'2023-12-24T12:29:25.517' AS DateTime), N'1', 1, 2, 2, N'290000', NULL)
INSERT [ACC].tblCoding_Details ([fldId], [fldCodeId], [fldHeaderCodId], [fldPCod], [fldTempCodingId], [fldTitle], [fldCode], [fldAccountLevelId], [fldDesc], [fldDate], [fldIp], [fldUserId], [fldMahiyatId], [fldTypeHesabId], [fldDaramadCode], [fldMahiyat_GardeshId]) VALUES (1724, N'/4/2/6/1/', 3, N'4206', 1406, N'منابع نقدی حاصل از فروش سهام شرکت های پذیرفته شده در بورس و سایر شرکت ها', N'420601', 20, N'', CAST(N'2023-12-24T12:29:25.517' AS DateTime), N'1', 1, 2, 1, N'290100', NULL)
INSERT [ACC].tblCoding_Details ([fldId], [fldCodeId], [fldHeaderCodId], [fldPCod], [fldTempCodingId], [fldTitle], [fldCode], [fldAccountLevelId], [fldDesc], [fldDate], [fldIp], [fldUserId], [fldMahiyatId], [fldTypeHesabId], [fldDaramadCode], [fldMahiyat_GardeshId]) VALUES (1725, N'/4/2/6/2/', 3, N'4206', 1407, N'سایر', N'420602', 20, N'', CAST(N'2023-12-24T12:29:25.517' AS DateTime), N'1', 1, 2, 1, N'290900', NULL)
INSERT [ACC].tblCoding_Details ([fldId], [fldCodeId], [fldHeaderCodId], [fldPCod], [fldTempCodingId], [fldTitle], [fldCode], [fldAccountLevelId], [fldDesc], [fldDate], [fldIp], [fldUserId], [fldMahiyatId], [fldTypeHesabId], [fldDaramadCode], [fldMahiyat_GardeshId]) VALUES (1726, N'/5/2/2/4/', 3, N'5202', 1438, N'سایر', N'520204', 20, N'', CAST(N'2023-12-24T12:29:25.517' AS DateTime), N'1', 1, 1, 2, N'220900', NULL)
INSERT [ACC].tblCoding_Details ([fldId], [fldCodeId], [fldHeaderCodId], [fldPCod], [fldTempCodingId], [fldTitle], [fldCode], [fldAccountLevelId], [fldDesc], [fldDate], [fldIp], [fldUserId], [fldMahiyatId], [fldTypeHesabId], [fldDaramadCode], [fldMahiyat_GardeshId]) VALUES (1727, N'/5/1/7/2/16/', 3, N'510702', 1472, N'سایر', N'510702016', 21, N'', CAST(N'2023-12-24T12:29:25.517' AS DateTime), N'1', 1, 1, 2, N'170290', NULL)
INSERT [ACC].tblCoding_Details ([fldId], [fldCodeId], [fldHeaderCodId], [fldPCod], [fldTempCodingId], [fldTitle], [fldCode], [fldAccountLevelId], [fldDesc], [fldDate], [fldIp], [fldUserId], [fldMahiyatId], [fldTypeHesabId], [fldDaramadCode], [fldMahiyat_GardeshId]) VALUES (1728, N'/5/1/6/3/7/', 3, N'510603', 1501, N'سایر', N'510603007', 21, N'', CAST(N'2023-12-24T12:29:25.517' AS DateTime), N'1', 1, 1, 2, N'160390', NULL)
INSERT [ACC].tblCoding_Details ([fldId], [fldCodeId], [fldHeaderCodId], [fldPCod], [fldTempCodingId], [fldTitle], [fldCode], [fldAccountLevelId], [fldDesc], [fldDate], [fldIp], [fldUserId], [fldMahiyatId], [fldTypeHesabId], [fldDaramadCode], [fldMahiyat_GardeshId]) VALUES (1729, N'/5/1/1/2/9/', 3, N'510102', 1517, N'سایر', N'510102009', 21, N'', CAST(N'2023-12-24T12:29:25.517' AS DateTime), N'1', 1, 1, 2, N'110290', NULL)
INSERT [ACC].tblCoding_Details ([fldId], [fldCodeId], [fldHeaderCodId], [fldPCod], [fldTempCodingId], [fldTitle], [fldCode], [fldAccountLevelId], [fldDesc], [fldDate], [fldIp], [fldUserId], [fldMahiyatId], [fldTypeHesabId], [fldDaramadCode], [fldMahiyat_GardeshId]) VALUES (1730, N'/5/1/2/2/17/', 3, N'510202', 1551, N'سایر', N'510202017', 21, N'', CAST(N'2023-12-24T12:29:25.517' AS DateTime), N'1', 1, 1, 2, N'120290', NULL)
INSERT [ACC].tblCoding_Details ([fldId], [fldCodeId], [fldHeaderCodId], [fldPCod], [fldTempCodingId], [fldTitle], [fldCode], [fldAccountLevelId], [fldDesc], [fldDate], [fldIp], [fldUserId], [fldMahiyatId], [fldTypeHesabId], [fldDaramadCode], [fldMahiyat_GardeshId]) VALUES (1731, N'/5/1/2/11/13/', 3, N'510211', 1604, N'سایر', N'510211013', 21, N'', CAST(N'2023-12-24T12:29:25.517' AS DateTime), N'1', 1, 1, 2, N'121190', NULL)
INSERT [ACC].tblCoding_Details ([fldId], [fldCodeId], [fldHeaderCodId], [fldPCod], [fldTempCodingId], [fldTitle], [fldCode], [fldAccountLevelId], [fldDesc], [fldDate], [fldIp], [fldUserId], [fldMahiyatId], [fldTypeHesabId], [fldDaramadCode], [fldMahiyat_GardeshId]) VALUES (1732, N'/5/1/3/1/6/', 3, N'510301', 1627, N'سایر', N'510301006', 21, N'', CAST(N'2023-12-24T12:29:25.517' AS DateTime), N'1', 1, 1, 2, N'130190', NULL)
INSERT [ACC].tblCoding_Details ([fldId], [fldCodeId], [fldHeaderCodId], [fldPCod], [fldTempCodingId], [fldTitle], [fldCode], [fldAccountLevelId], [fldDesc], [fldDate], [fldIp], [fldUserId], [fldMahiyatId], [fldTypeHesabId], [fldDaramadCode], [fldMahiyat_GardeshId]) VALUES (1733, N'/5/1/5/2/9/', 3, N'510502', 1650, N'سایر', N'510502009', 21, N'', CAST(N'2023-12-24T12:29:25.517' AS DateTime), N'1', 1, 1, 2, N'150290', NULL)
INSERT [ACC].tblCoding_Details ([fldId], [fldCodeId], [fldHeaderCodId], [fldPCod], [fldTempCodingId], [fldTitle], [fldCode], [fldAccountLevelId], [fldDesc], [fldDate], [fldIp], [fldUserId], [fldMahiyatId], [fldTypeHesabId], [fldDaramadCode], [fldMahiyat_GardeshId]) VALUES (1734, N'/5/1/5/3/6/', 3, N'510503', 1656, N'سایر', N'510503006', 21, N'', CAST(N'2023-12-24T12:29:25.517' AS DateTime), N'1', 1, 1, 2, N'150390', NULL)
INSERT [ACC].tblCoding_Details ([fldId], [fldCodeId], [fldHeaderCodId], [fldPCod], [fldTempCodingId], [fldTitle], [fldCode], [fldAccountLevelId], [fldDesc], [fldDate], [fldIp], [fldUserId], [fldMahiyatId], [fldTypeHesabId], [fldDaramadCode], [fldMahiyat_GardeshId]) VALUES (1735, N'/1/1/3/4/3/', 3, N'110304', 1707, N'بدهکاران-حساب های در جریان وصول', N'110304009', 21, N'', CAST(N'2024-06-30T10:14:28.573' AS DateTime), N'::1', 1, 1, 1, NULL, NULL)
INSERT [ACC].tblCoding_Details ([fldId], [fldCodeId], [fldHeaderCodId], [fldPCod], [fldTempCodingId], [fldTitle], [fldCode], [fldAccountLevelId], [fldDesc], [fldDate], [fldIp], [fldUserId], [fldMahiyatId], [fldTypeHesabId], [fldDaramadCode], [fldMahiyat_GardeshId]) VALUES (1736, N'/8/5/1/2/', 3, N'9501', 1712, N'طرف حساب انتظامی اسناد در جریان وصول', N'950102', 20, N'', CAST(N'2024-07-28T00:52:20.813' AS DateTime), N'::1', 1, 3, 1, NULL, NULL)
INSERT [ACC].tblCoding_Details ([fldId], [fldCodeId], [fldHeaderCodId], [fldPCod], [fldTempCodingId], [fldTitle], [fldCode], [fldAccountLevelId], [fldDesc], [fldDate], [fldIp], [fldUserId], [fldMahiyatId], [fldTypeHesabId], [fldDaramadCode], [fldMahiyat_GardeshId]) VALUES (1737, N'/8/5/1/3/', 3, N'9501', 1713, N'طرف حساب انتظامی اسناد نکول شده', N'950103', 20, N'', CAST(N'2024-07-28T00:52:45.783' AS DateTime), N'::1', 1, 3, 1, NULL, NULL)

----------------------------------------------------------------------------------
INSERT [ACC].[tblItemNecessary] ([fldId], [fldItemId], [fldNameItem], [fldMahiyatId], [fldDesc], [fldDate], [fldIp], [fldUserId], [fldTypeHesabId], [fldMahiyat_GardeshId]) VALUES (37, N'/1/1/2/', N'چک های مدت دار نزد بانک', 1, N'', CAST(N'2024-07-08T10:38:29.153' AS DateTime), N'::1', 1, 1, 1)
INSERT [ACC].[tblItemNecessary] ([fldId], [fldItemId], [fldNameItem], [fldMahiyatId], [fldDesc], [fldDate], [fldIp], [fldUserId], [fldTypeHesabId], [fldMahiyat_GardeshId]) VALUES (38, N'/1/1/2/1/', N'سیستم چک های مدت دار', 1, N'', CAST(N'2024-07-08T10:38:45.703' AS DateTime), N'::1', 1, 1, 1)
INSERT [ACC].[tblItemNecessary] ([fldId], [fldItemId], [fldNameItem], [fldMahiyatId], [fldDesc], [fldDate], [fldIp], [fldUserId], [fldTypeHesabId], [fldMahiyat_GardeshId]) VALUES (39, N'/3/2/', N'مکسورات قانونی', 2, N'', CAST(N'2024-09-07T13:01:13.910' AS DateTime), N'192.168.1.17', 1, 1, 4)
INSERT [ACC].[tblItemNecessary] ([fldId], [fldItemId], [fldNameItem], [fldMahiyatId], [fldDesc], [fldDate], [fldIp], [fldUserId], [fldTypeHesabId], [fldMahiyat_GardeshId]) VALUES (40, N'/3/2/1/', N'بیمه پرداختنی', 2, N'', CAST(N'2024-09-07T13:01:34.147' AS DateTime), N'192.168.1.17', 1, 1, 4)
INSERT [ACC].[tblItemNecessary] ([fldId], [fldItemId], [fldNameItem], [fldMahiyatId], [fldDesc], [fldDate], [fldIp], [fldUserId], [fldTypeHesabId], [fldMahiyat_GardeshId]) VALUES (41, N'/3/2/2/', N'بدهی به بانک سپرده (سپرده حسن انجام کار)', 2, N'', CAST(N'2024-09-07T13:03:03.927' AS DateTime), N'192.168.1.17', 1, 1, 4)
INSERT [ACC].[tblItemNecessary] ([fldId], [fldItemId], [fldNameItem], [fldMahiyatId], [fldDesc], [fldDate], [fldIp], [fldUserId], [fldTypeHesabId], [fldMahiyat_GardeshId]) VALUES (42, N'/3/2/2/1/', N'سپرده حسن انجام کار کسر شده', 2, N'', CAST(N'2024-09-07T13:03:17.817' AS DateTime), N'192.168.1.17', 1, 1, 4)
INSERT [ACC].[tblItemNecessary] ([fldId], [fldItemId], [fldNameItem], [fldMahiyatId], [fldDesc], [fldDate], [fldIp], [fldUserId], [fldTypeHesabId], [fldMahiyat_GardeshId]) VALUES (43, N'/3/2/1/1/', N'اداره بیمه', 2, N'', CAST(N'2024-09-07T13:04:41.130' AS DateTime), N'192.168.1.17', 1, 1, 4)
INSERT [ACC].[tblItemNecessary] ([fldId], [fldItemId], [fldNameItem], [fldMahiyatId], [fldDesc], [fldDate], [fldIp], [fldUserId], [fldTypeHesabId], [fldMahiyat_GardeshId]) VALUES (44, N'/1/3/2/', N'تنخواه گردان پرداخت', 2, N'', CAST(N'2024-09-22T10:10:17.573' AS DateTime), N'::1', 1, 1, 2)
INSERT [ACC].[tblItemNecessary] ([fldId], [fldItemId], [fldNameItem], [fldMahiyatId], [fldDesc], [fldDate], [fldIp], [fldUserId], [fldTypeHesabId], [fldMahiyat_GardeshId]) VALUES (45, N'/1/3/2/1/', N'تنخواه گردان پرداختی', 2, N'', CAST(N'2024-09-22T10:10:42.497' AS DateTime), N'::1', 1, 1, 2)
GO
